root interaction,area,replication,root length(m)
MM,self,1,22.827318
MM,self,2,13.29135
MM,self,3,10.393894
MM,self,4,10.414854
BM,self,1,9.302984
BM,self,2,6.556609
BM,self,3,14.375615
BM,self,4,15.057577
WM,self,1,14.668651
WM,self,2,24.843854
WM,self,3,8.323311
WM,self,4,20.327667
MM,common,1,3.116738
MM,common,2,11.712644
MM,common,3,19.899881
MM,common,4,13.680628
BM,common,1,12.994898
BM,common,2,16.371915
BM,common,3,14.719251
BM,common,4,13.850387
WM,common,1,10.313912
WM,common,2,4.257926
WM,common,3,7.824961
WM,common,4,5.813132