culture,treatment,root length (m)
soil,M,84.778165
soil,M,61.500021
soil,M,81.8379
soil,M,99.843798
soil,M/W-M,40.647268
soil,M/W-M,58.183441
soil,M/W-M,52.696289
soil,M/W-M,53.972526
soil,W,16.554519
soil,W,16.520389
soil,W,26.209815
soil,W,21.59867
soil,M/W-W,30.236697
soil,M/W-W,38.544071
soil,M/W-W,26.862492
soil,M/W-W,23.853829
quartz sand,M,
quartz sand,M,
quartz sand,M,
quartz sand,M,
quartz sand,M/W-M,
quartz sand,M/W-M,
quartz sand,M/W-M,
quartz sand,M/W-M,
quartz sand,W,
quartz sand,W,
quartz sand,W,
quartz sand,W,
quartz sand,M/W-W,
quartz sand,M/W-W,
quartz sand,M/W-W,
quartz sand,M/W-W,