Treatments,root length (m),Root biomass (10-2 g),Root surface area (cm2),Specific root length (m g-1)
Maize grown alone,,,,
Maize grown alone,,,,
Maize grown alone,,,,
Maize grown alone,,,,
Maize grown alone,,,,
Maize grown with wheat plant,,,,
Maize grown with wheat plant,,,,
Maize grown with wheat plant,,,,
Maize grown with wheat plant,,,,
Maize grown with wheat plant,,,,
Maize grown with wheat root exudates,,,,
Maize grown with wheat root exudates,,,,
Maize grown with wheat root exudates,,,,
Maize grown with wheat root exudates,,,,
Maize grown with wheat root exudates,,,,